Participant,Station Name,Region,Dispatch Type,Fuel Source - Descriptor,DUID,Reg Cap generation (MW),Max Cap generation (MW),Maximum storage capacity,AEMO energy source,Fuel basis,First seen,Last seen,Comments
AGL Macquarie Pty Limited,Liddell Power Station,NSW1,GENERATOR,Black coal,LD01,500.0,550.0,,Black coal,own gensets,2018-04-04,2023-04-28,"From AEMO MMSDM registration history (2026-08): DUDETAILSUMMARY, DUALLOC, GENUNITS, STATION, PARTICIPANT"
AGL Macquarie Pty Limited,Liddell Power Station,NSW1,GENERATOR,Black coal,LD04,500.0,550.0,,Black coal,own gensets,2018-04-01,2023-04-24,"From AEMO MMSDM registration history (2026-08): DUDETAILSUMMARY, DUALLOC, GENUNITS, STATION, PARTICIPANT"
AGL Macquarie Pty Limited,Liddell Power Station,NSW1,GENERATOR,Black coal,LD02,500.0,550.0,,Black coal,own gensets,2018-04-01,2023-04-26,"From AEMO MMSDM registration history (2026-08): DUDETAILSUMMARY, DUALLOC, GENUNITS, STATION, PARTICIPANT"
AGL Macquarie Pty Limited,Liddell Power Station,NSW1,GENERATOR,Black coal,LD03,500.0,550.0,,Black coal,own gensets,2018-04-01,2022-04-01,"From AEMO MMSDM registration history (2026-08): DUDETAILSUMMARY, DUALLOC, GENUNITS, STATION, PARTICIPANT"
Hornsdale Power Reserve Pty Ltd,Hornsdale Power Reserve,SA1,LOAD,Grid,HPRL1,120.0,120.0,,,its station (no genset of its own),2018-04-01,2024-09-24,"From AEMO MMSDM registration history (2026-08): DUDETAILSUMMARY, DUALLOC, GENUNITS, STATION, PARTICIPANT"
Victorian Big Battery Pty Ltd,Victorian Big Battery,VIC1,LOAD,Grid,VBBL1,360.0,250.0,,,its station (no genset of its own),2021-07-28,2024-10-02,"From AEMO MMSDM registration history (2026-08): DUDETAILSUMMARY, DUALLOC, GENUNITS, STATION, PARTICIPANT"
AGL SA Generation Pty Limited,TORRENS ISLAND POWER STATION,SA1,GENERATOR,Natural gas,TORRA3,120.0,130.0,,Natural Gas (Pipeline),own gensets,2018-04-04,2021-12-07,"From AEMO MMSDM registration history (2026-08): DUDETAILSUMMARY, DUALLOC, GENUNITS, STATION, PARTICIPANT"
AGL SA Generation Pty Limited,TORRENS ISLAND POWER STATION,SA1,GENERATOR,Natural gas,TORRA1,120.0,130.0,,Natural Gas (Pipeline),own gensets,2018-04-24,2020-09-17,"From AEMO MMSDM registration history (2026-08): DUDETAILSUMMARY, DUALLOC, GENUNITS, STATION, PARTICIPANT"
Victorian Big Battery Pty Ltd,Victorian Big Battery,VIC1,GENERATOR,Grid,VBBG1,360.0,300.0,,Battery Storage,own gensets,2021-07-28,2024-10-02,"From AEMO MMSDM registration history (2026-08): DUDETAILSUMMARY, DUALLOC, GENUNITS, STATION, PARTICIPANT"
AGL SA Generation Pty Limited,TORRENS ISLAND POWER STATION,SA1,GENERATOR,Natural gas,TORRA4,120.0,130.0,,Natural Gas (Pipeline),own gensets,2018-04-07,2020-09-17,"From AEMO MMSDM registration history (2026-08): DUDETAILSUMMARY, DUALLOC, GENUNITS, STATION, PARTICIPANT"
Hornsdale Power Reserve Pty Ltd,Hornsdale Power Reserve,SA1,GENERATOR,Grid,HPRG1,150.0,150.0,,Battery Storage,own gensets,2018-04-01,2024-09-24,"From AEMO MMSDM registration history (2026-08): DUDETAILSUMMARY, DUALLOC, GENUNITS, STATION, PARTICIPANT"
AGL SA Generation Pty Limited,TORRENS ISLAND POWER STATION,SA1,GENERATOR,Natural gas,TORRA2,120.0,130.0,,Natural Gas (Pipeline),own gensets,2018-05-09,2020-03-21,"From AEMO MMSDM registration history (2026-08): DUDETAILSUMMARY, DUALLOC, GENUNITS, STATION, PARTICIPANT"
AGL Sales (Queensland Electricity) Pty Limited,Wandoan BESS,QLD1,LOAD,Grid,WANDBL1,123.0,100.0,,,its station (no genset of its own),2021-10-14,2024-07-16,"From AEMO MMSDM registration history (2026-08): DUDETAILSUMMARY, DUALLOC, GENUNITS, STATION, PARTICIPANT"
EnergyAustralia Pty Ltd,Gannawarra Energy Storage System,VIC1,LOAD,Grid,GANNBL1,30.0,25.0,,,its station (no genset of its own),2018-11-07,2024-08-06,"From AEMO MMSDM registration history (2026-08): DUDETAILSUMMARY, DUALLOC, GENUNITS, STATION, PARTICIPANT"
AGL Sales (Queensland Electricity) Pty Limited,Wandoan BESS,QLD1,GENERATOR,Grid,WANDBG1,123.0,100.0,,Battery Storage,own gensets,2021-09-08,2024-07-16,"From AEMO MMSDM registration history (2026-08): DUDETAILSUMMARY, DUALLOC, GENUNITS, STATION, PARTICIPANT"
AGL SA Generation Pty Limited,Torrens Island BESS,SA1,LOAD,Grid,TIBL1,250.0,250.0,,,its station (no genset of its own),2023-04-26,2024-07-24,"From AEMO MMSDM registration history (2026-08): DUDETAILSUMMARY, DUALLOC, GENUNITS, STATION, PARTICIPANT"
Lake Bonney Wind Power Pty Ltd,Lake Bonney BESS1,SA1,LOAD,Grid,LBBL1,25.0,25.0,,,its station (no genset of its own),2019-10-16,2024-10-08,"From AEMO MMSDM registration history (2026-08): DUDETAILSUMMARY, DUALLOC, GENUNITS, STATION, PARTICIPANT"
EnergyAustralia Pty Ltd,Gannawarra Energy Storage System,VIC1,GENERATOR,Grid,GANNBG1,30.0,25.0,,Battery Storage,own gensets,2018-11-07,2024-08-06,"From AEMO MMSDM registration history (2026-08): DUDETAILSUMMARY, DUALLOC, GENUNITS, STATION, PARTICIPANT"
Lake Bonney Wind Power Pty Ltd,Lake Bonney BESS1,SA1,GENERATOR,Grid,LBBG1,25.0,25.0,,Battery Storage,own gensets,2019-10-16,2024-10-08,"From AEMO MMSDM registration history (2026-08): DUDETAILSUMMARY, DUALLOC, GENUNITS, STATION, PARTICIPANT"
Iberdrola Australia Wallgrove Pty Limited,Wallgrove BESS 1,NSW1,LOAD,Grid,WALGRVL1,47.0,47.0,,,its station (no genset of its own),2021-11-02,2024-10-08,"From AEMO MMSDM registration history (2026-08): DUDETAILSUMMARY, DUALLOC, GENUNITS, STATION, PARTICIPANT"
Hazelwood BESS Project Co Pty Ltd ATF The HBESS Asset Trust,Hazelwood Battery Energy Storage System,VIC1,LOAD,Grid,HBESSL1,200.0,150.0,,,its station (no genset of its own),2023-03-10,2024-08-27,"From AEMO MMSDM registration history (2026-08): DUDETAILSUMMARY, DUALLOC, GENUNITS, STATION, PARTICIPANT"
AGL SA Generation Pty Limited,Torrens Island BESS,SA1,GENERATOR,Grid,TIBG1,250.0,250.0,,Battery Storage,own gensets,2023-04-26,2024-07-24,"From AEMO MMSDM registration history (2026-08): DUDETAILSUMMARY, DUALLOC, GENUNITS, STATION, PARTICIPANT"
Iberdrola Australia Wallgrove Pty Limited,Wallgrove BESS 1,NSW1,GENERATOR,Grid,WALGRVG1,50.0,50.0,,Battery Storage,own gensets,2021-10-29,2024-10-08,"From AEMO MMSDM registration history (2026-08): DUDETAILSUMMARY, DUALLOC, GENUNITS, STATION, PARTICIPANT"
Hazelwood BESS Project Co Pty Ltd ATF The HBESS Asset Trust,Hazelwood Battery Energy Storage System,VIC1,GENERATOR,Grid,HBESSG1,200.0,150.0,,Battery Storage,own gensets,2023-03-10,2024-08-27,"From AEMO MMSDM registration history (2026-08): DUDETAILSUMMARY, DUALLOC, GENUNITS, STATION, PARTICIPANT"
Shell Energy Retail Pty Ltd,Riverina BESS 1,NSW1,LOAD,Grid,RESS1L,80.0,60.0,,,its station (no genset of its own),2023-06-27,2024-10-29,"From AEMO MMSDM registration history (2026-08): DUDETAILSUMMARY, DUALLOC, GENUNITS, STATION, PARTICIPANT"
EnergyAustralia Pty Ltd,Ballarat Battery Energy Storage System,VIC1,LOAD,Grid,BALBL1,30.0,30.0,,,its station (no genset of its own),2018-11-07,2024-08-05,"From AEMO MMSDM registration history (2026-08): DUDETAILSUMMARY, DUALLOC, GENUNITS, STATION, PARTICIPANT"
Shell Energy Retail Pty Ltd,Riverina BESS 1,NSW1,GENERATOR,Grid,RESS1G,80.0,60.0,,Battery Storage,own gensets,2023-06-02,2024-10-29,"From AEMO MMSDM registration history (2026-08): DUDETAILSUMMARY, DUALLOC, GENUNITS, STATION, PARTICIPANT"
EnergyAustralia Pty Ltd,Riverina Energy Storage System 2,NSW1,LOAD,Grid,RIVNBL2,65.0,65.0,,,its station (no genset of its own),2023-06-26,2024-08-06,"From AEMO MMSDM registration history (2026-08): DUDETAILSUMMARY, DUALLOC, GENUNITS, STATION, PARTICIPANT"
Firmus Grid Pty Ltd,Firmus St Leonard DC,TAS1,LOAD,,SLDCBLK1,20.0,20.0,,,none given by AEMO,2022-01-25,2022-09-27,"From AEMO MMSDM registration history (2026-08): DUDETAILSUMMARY, DUALLOC, GENUNITS, STATION, PARTICIPANT"
Bouldercombe Battery Project Co Pty Ltd ATF Bouldercombe Battery Project,Bouldercombe Battery Project,QLD1,LOAD,Grid,BBATRYL1,67.0,50.0,,,its station (no genset of its own),2023-08-11,2024-10-16,"From AEMO MMSDM registration history (2026-08): DUDETAILSUMMARY, DUALLOC, GENUNITS, STATION, PARTICIPANT"
EnergyAustralia Pty Ltd,Ballarat Battery Energy Storage System,VIC1,GENERATOR,Grid,BALBG1,30.0,30.0,,Battery Storage,own gensets,2018-11-07,2024-08-05,"From AEMO MMSDM registration history (2026-08): DUDETAILSUMMARY, DUALLOC, GENUNITS, STATION, PARTICIPANT"
EnergyAustralia Pty Ltd,Riverina Energy Storage System 2,NSW1,GENERATOR,Grid,RIVNBG2,65.0,65.0,,Battery Storage,own gensets,2023-06-25,2024-08-06,"From AEMO MMSDM registration history (2026-08): DUDETAILSUMMARY, DUALLOC, GENUNITS, STATION, PARTICIPANT"
Bulgana Wind Farm Pty Ltd,Bulgana Green Power Hub,VIC1,LOAD,,BULBESL1,48.0,40.0,,,none given by AEMO,2021-07-06,2024-10-02,"From AEMO MMSDM registration history (2026-08): DUDETAILSUMMARY, DUALLOC, GENUNITS, STATION, PARTICIPANT"
Bouldercombe Battery Project Co Pty Ltd ATF Bouldercombe Battery Project,Bouldercombe Battery Project,QLD1,GENERATOR,Grid,BBATTERY,67.0,50.0,,Battery Storage,own gensets,2023-08-08,2024-10-16,"From AEMO MMSDM registration history (2026-08): DUDETAILSUMMARY, DUALLOC, GENUNITS, STATION, PARTICIPANT"
Bulgana Wind Farm Pty Ltd,Bulgana Green Power Hub,VIC1,GENERATOR,Grid,BULBESG1,24.0,20.0,,Battery Storage,own gensets,2021-07-01,2024-10-02,"From AEMO MMSDM registration history (2026-08): DUDETAILSUMMARY, DUALLOC, GENUNITS, STATION, PARTICIPANT"
Western Downs BESS Pty Ltd ATF The Western Downs BESS Trust,Western Downs Battery Energy Storage System (BESS),QLD1,LOAD,Grid,WDBESSL1,272.0,200.0,,,its station (no genset of its own),2024-07-05,2024-11-26,"From AEMO MMSDM registration history (2026-08): DUDETAILSUMMARY, DUALLOC, GENUNITS, STATION, PARTICIPANT"
AGL Dalrymple Pty Limited,Dalrymple North BESS,SA1,LOAD,Grid,DALNTHL1,30.0,30.0,,,its station (no genset of its own),2018-07-05,2024-07-24,"From AEMO MMSDM registration history (2026-08): DUDETAILSUMMARY, DUALLOC, GENUNITS, STATION, PARTICIPANT"
CS Energy Limited,Chinchilla BESS,QLD1,LOAD,Grid,CHBESSL1,134.0,100.0,,,its station (no genset of its own),2023-12-16,2024-10-31,"From AEMO MMSDM registration history (2026-08): DUDETAILSUMMARY, DUALLOC, GENUNITS, STATION, PARTICIPANT"
Western Downs BESS Pty Ltd ATF The Western Downs BESS Trust,Western Downs Battery Energy Storage System (BESS),QLD1,GENERATOR,Grid,WDBESSG1,272.0,200.0,,Battery Storage,own gensets,2024-07-01,2024-11-26,"From AEMO MMSDM registration history (2026-08): DUDETAILSUMMARY, DUALLOC, GENUNITS, STATION, PARTICIPANT"
CS Energy Limited,Chinchilla BESS,QLD1,GENERATOR,Grid,CHBESSG1,134.0,100.0,,Battery Storage,own gensets,2023-12-16,2024-10-31,"From AEMO MMSDM registration history (2026-08): DUDETAILSUMMARY, DUALLOC, GENUNITS, STATION, PARTICIPANT"
EnergyAustralia Pty Ltd,Darlington Point Energy Storage System,NSW1,LOAD,Grid,DPNTBL1,25.0,25.0,,,its station (no genset of its own),2023-06-26,2024-08-06,"From AEMO MMSDM registration history (2026-08): DUDETAILSUMMARY, DUALLOC, GENUNITS, STATION, PARTICIPANT"
EnergyAustralia Pty Ltd,Darlington Point Energy Storage System,NSW1,GENERATOR,Grid,DPNTBG1,25.0,25.0,,Battery Storage,own gensets,2023-06-23,2024-08-06,"From AEMO MMSDM registration history (2026-08): DUDETAILSUMMARY, DUALLOC, GENUNITS, STATION, PARTICIPANT"
Iberdrola Australia SAGT Pty Limited,Temporary Generation South,SA1,GENERATOR,Diesel,SATGS1,123.0,123.0,,Diesel oil,own gensets,2018-04-03,2022-04-15,"From AEMO MMSDM registration history (2026-08): DUDETAILSUMMARY, DUALLOC, GENUNITS, STATION, PARTICIPANT"
AGL Dalrymple Pty Limited,Dalrymple North BESS,SA1,GENERATOR,Grid,DALNTH01,30.0,30.0,,Battery Storage,own gensets,2018-06-05,2024-07-24,"From AEMO MMSDM registration history (2026-08): DUDETAILSUMMARY, DUALLOC, GENUNITS, STATION, PARTICIPANT"
Capital Battery Pty Ltd As Trustee For Capital Battery Trust,Capital Battery,NSW1,LOAD,Grid,CAPBES1L,125.0,100.0,,,its station (no genset of its own),2023-07-25,2024-09-24,"From AEMO MMSDM registration history (2026-08): DUDETAILSUMMARY, DUALLOC, GENUNITS, STATION, PARTICIPANT"
AGL Macquarie Pty Limited,Hunter Valley Gas Turbine,NSW1,GENERATOR,Kerosene,HVGTS,50.0,50.0,,Kerosene - non aviation,own gensets,2018-04-10,2021-12-22,"From AEMO MMSDM registration history (2026-08): DUDETAILSUMMARY, DUALLOC, GENUNITS, STATION, PARTICIPANT"
Mondo Metering Pty Ltd,Phillip Island BESS,VIC1,LOAD,Grid,PIBESSL1,7.0,5.0,,,its station (no genset of its own),2023-04-19,2024-08-27,"From AEMO MMSDM registration history (2026-08): DUDETAILSUMMARY, DUALLOC, GENUNITS, STATION, PARTICIPANT"
AEMO Reserve Trader,RESERVE TRADER NSW1,NSW1,LOAD,,RT_NSW1,3000.0,3000.0,,,none given by AEMO,2020-01-04,2024-11-27,"From AEMO MMSDM registration history (2026-08): DUDETAILSUMMARY, DUALLOC, GENUNITS, STATION, PARTICIPANT"
South Australian Water Corporation,Happy Valley WTP,SA1,LOAD,,HVWWBA1L,5.0,4.0,,,none given by AEMO,2022-06-07,2024-09-18,"From AEMO MMSDM registration history (2026-08): DUDETAILSUMMARY, DUALLOC, GENUNITS, STATION, PARTICIPANT"
Mondo Metering Pty Ltd,Phillip Island BESS,VIC1,GENERATOR,Grid,PIBESSG1,7.0,5.0,,Battery Storage,own gensets,2023-04-19,2024-08-27,"From AEMO MMSDM registration history (2026-08): DUDETAILSUMMARY, DUALLOC, GENUNITS, STATION, PARTICIPANT"
South Australian Water Corporation,Happy Valley WTP,SA1,GENERATOR,Grid,HVWWBA1G,5.0,4.0,,Battery Storage,own gensets,2022-06-07,2024-09-18,"From AEMO MMSDM registration history (2026-08): DUDETAILSUMMARY, DUALLOC, GENUNITS, STATION, PARTICIPANT"
AEMO Reserve Trader,RESERVE TRADER VIC1,VIC1,LOAD,,RT_VIC1,3000.0,3000.0,,,none given by AEMO,2019-01-24,2020-01-31,"From AEMO MMSDM registration history (2026-08): DUDETAILSUMMARY, DUALLOC, GENUNITS, STATION, PARTICIPANT"
AGL Macquarie Pty Limited,Broken Hill Battery Energy Storage System,NSW1,LOAD,Grid,BHBL1,66.0,50.0,,,its station (no genset of its own),2023-12-04,2024-07-16,"From AEMO MMSDM registration history (2026-08): DUDETAILSUMMARY, DUALLOC, GENUNITS, STATION, PARTICIPANT"
Capital Battery Pty Ltd As Trustee For Capital Battery Trust,Capital Battery,NSW1,GENERATOR,Grid,CAPBES1G,125.0,100.0,,Battery Storage,own gensets,2023-07-26,2024-09-24,"From AEMO MMSDM registration history (2026-08): DUDETAILSUMMARY, DUALLOC, GENUNITS, STATION, PARTICIPANT"
Tailem Bend II Project Company Pty Ltd ATF Tailem Bend II Project Trust,Tailem Bend 2 Hybrid Renewable Power Station,SA1,LOAD,,TB2BL1,50.0,41.0,,,none given by AEMO,2024-07-03,2024-12-03,"From AEMO MMSDM registration history (2026-08): DUDETAILSUMMARY, DUALLOC, GENUNITS, STATION, PARTICIPANT"
South Australian Water Corporation,Bolivar Waste Water Treatment Plant,SA1,LOAD,,BOWWBA1L,3.0,2.0,,,none given by AEMO,2022-02-28,2024-09-18,"From AEMO MMSDM registration history (2026-08): DUDETAILSUMMARY, DUALLOC, GENUNITS, STATION, PARTICIPANT"
AGL Macquarie Pty Limited,Broken Hill Battery Energy Storage System,NSW1,GENERATOR,Grid,BHBG1,66.0,50.0,,Battery Storage,own gensets,2023-12-01,2024-07-15,"From AEMO MMSDM registration history (2026-08): DUDETAILSUMMARY, DUALLOC, GENUNITS, STATION, PARTICIPANT"
South Australian Water Corporation,Bolivar Waste Water Treatment Plant,SA1,GENERATOR,Grid,BOWWBA1G,3.0,2.0,,Battery Storage,own gensets,2022-03-02,2024-09-18,"From AEMO MMSDM registration history (2026-08): DUDETAILSUMMARY, DUALLOC, GENUNITS, STATION, PARTICIPANT"
Tailem Bend II Project Company Pty Ltd ATF Tailem Bend II Project Trust,Tailem Bend 2 Hybrid Renewable Power Station,SA1,GENERATOR,Grid,TB2BG1,50.0,41.0,,Battery Storage,own gensets,2023-10-27,2024-12-03,"From AEMO MMSDM registration history (2026-08): DUDETAILSUMMARY, DUALLOC, GENUNITS, STATION, PARTICIPANT"
Stanwell Corporation Limited,MACKAY GAS TURBINE,QLD1,GENERATOR,Diesel,MACKAYGT,30.0,34.0,,Diesel oil,own gensets,2018-04-03,2021-02-25,"From AEMO MMSDM registration history (2026-08): DUDETAILSUMMARY, DUALLOC, GENUNITS, STATION, PARTICIPANT"
AEMO Reserve Trader,RESERVE TRADER QLD1,QLD1,LOAD,,RT_QLD1,3000.0,3000.0,,,none given by AEMO,2022-02-01,2023-02-03,"From AEMO MMSDM registration history (2026-08): DUDETAILSUMMARY, DUALLOC, GENUNITS, STATION, PARTICIPANT"
South Australian Water Corporation,Christies Beach WWTP,SA1,LOAD,,CBWWBA1L,2.0,2.0,,,none given by AEMO,2023-05-02,2024-09-18,"From AEMO MMSDM registration history (2026-08): DUDETAILSUMMARY, DUALLOC, GENUNITS, STATION, PARTICIPANT"
South Australian Water Corporation,Christies Beach WWTP,SA1,GENERATOR,Grid,CBWWBA1G,2.0,2.0,,Battery Storage,own gensets,2023-05-09,2024-09-18,"From AEMO MMSDM registration history (2026-08): DUDETAILSUMMARY, DUALLOC, GENUNITS, STATION, PARTICIPANT"
AEMO Reserve Trader,RESERVE TRADER SA1,SA1,LOAD,,RT_SA1,3000.0,3000.0,,,none given by AEMO,2019-01-24,2019-01-24,"From AEMO MMSDM registration history (2026-08): DUDETAILSUMMARY, DUALLOC, GENUNITS, STATION, PARTICIPANT"
Enel X Australia Pty Ltd,DR ENELX N34,NSW1,LOAD,,DRXNDA04,,,,,none given by AEMO,2022-05-03,2026-06-18,"From AEMO MMSDM registration history (2026-08): DUDETAILSUMMARY, DUALLOC, GENUNITS, STATION, PARTICIPANT"
AEMO Reserve Trader,RESERVE TRADER VIC1,VIC1,LOAD,,RT_VIC2,,,,,none given by AEMO,2019-01-25,2019-01-25,"From AEMO MMSDM registration history (2026-08): DUDETAILSUMMARY, DUALLOC, GENUNITS, STATION, PARTICIPANT"
Enel X Australia Pty Ltd,DR ENELX N31,NSW1,LOAD,,DRXNDA02,,,,,none given by AEMO,2022-05-03,2026-06-18,"From AEMO MMSDM registration history (2026-08): DUDETAILSUMMARY, DUALLOC, GENUNITS, STATION, PARTICIPANT"
Enel X Australia Pty Ltd,DR ENELX N32,NSW1,LOAD,,DRXNDA03,,,,,none given by AEMO,2022-05-03,2026-06-18,"From AEMO MMSDM registration history (2026-08): DUDETAILSUMMARY, DUALLOC, GENUNITS, STATION, PARTICIPANT"
AEMO Reserve Trader,RESERVE TRADER VIC1,VIC1,LOAD,,RT_VIC3,,,,,none given by AEMO,2019-01-25,2019-01-25,"From AEMO MMSDM registration history (2026-08): DUDETAILSUMMARY, DUALLOC, GENUNITS, STATION, PARTICIPANT"
Enel X Australia Pty Ltd,DR ENELX N1,NSW1,LOAD,,DRXNDA01,,,,,none given by AEMO,2021-11-12,2026-06-17,"From AEMO MMSDM registration history (2026-08): DUDETAILSUMMARY, DUALLOC, GENUNITS, STATION, PARTICIPANT"
Enel X Australia Pty Ltd,DR ENELX N37,NSW1,LOAD,,DRXNFF01,,,,,none given by AEMO,2025-10-01,2026-06-18,"From AEMO MMSDM registration history (2026-08): DUDETAILSUMMARY, DUALLOC, GENUNITS, STATION, PARTICIPANT"
Enel X Australia Pty Ltd,DR ENELX N55,NSW1,LOAD,,DRXNTM02,,,,,none given by AEMO,2025-09-01,2026-06-16,"From AEMO MMSDM registration history (2026-08): DUDETAILSUMMARY, DUALLOC, GENUNITS, STATION, PARTICIPANT"
Enel X Australia Pty Ltd,DR ENELX N3,NSW1,LOAD,,DRXNDE01,,,,,none given by AEMO,2022-05-03,2026-06-17,"From AEMO MMSDM registration history (2026-08): DUDETAILSUMMARY, DUALLOC, GENUNITS, STATION, PARTICIPANT"
SA ROLR,Temporary Generation North,SA1,GENERATOR,Diesel,SATGN1,154.0,154.0,,Diesel oil,own gensets,2018-04-03,2018-07-27,"From AEMO MMSDM registration history (2026-08): DUDETAILSUMMARY, DUALLOC, GENUNITS, STATION, PARTICIPANT"
Enel X Australia Pty Ltd,DR ENELX V2,VIC1,LOAD,,DRXVQP01,,,,,none given by AEMO,2022-01-31,2023-08-15,"From AEMO MMSDM registration history (2026-08): DUDETAILSUMMARY, DUALLOC, GENUNITS, STATION, PARTICIPANT"
Enel X Australia Pty Ltd,DR ENELX Q50,QLD1,LOAD,,DRXQDA01,,,,,none given by AEMO,2022-09-14,2025-06-26,"From AEMO MMSDM registration history (2026-08): DUDETAILSUMMARY, DUALLOC, GENUNITS, STATION, PARTICIPANT"
Enel X Australia Pty Ltd,DR ENELX V1,VIC1,LOAD,,DRXVDJ01,,,,,none given by AEMO,2021-11-12,2024-08-05,"From AEMO MMSDM registration history (2026-08): DUDETAILSUMMARY, DUALLOC, GENUNITS, STATION, PARTICIPANT"
AEMO Reserve Trader,SA1 Dummy Generator,SA1,GENERATOR,,DG_SA1,3000.0,3000.0,,,none given by AEMO,2019-11-16,2019-11-16,"From AEMO MMSDM registration history (2026-08): DUDETAILSUMMARY, DUALLOC, GENUNITS, STATION, PARTICIPANT"
Enel X Australia Pty Ltd,DR ENELX N49,NSW1,LOAD,,DRXNVS01,,,,,none given by AEMO,2026-06-18,2026-06-18,"From AEMO MMSDM registration history (2026-08): DUDETAILSUMMARY, DUALLOC, GENUNITS, STATION, PARTICIPANT"
Enel X Australia Pty Ltd,DR ENELX V17,VIC1,LOAD,,DRXVDP01,,,,,none given by AEMO,2022-05-23,2025-06-18,"From AEMO MMSDM registration history (2026-08): DUDETAILSUMMARY, DUALLOC, GENUNITS, STATION, PARTICIPANT"
Enel X Australia Pty Ltd,DR ENELX N16,NSW1,LOAD,,DRXNAD01,,,,,none given by AEMO,2026-06-17,2026-06-17,"From AEMO MMSDM registration history (2026-08): DUDETAILSUMMARY, DUALLOC, GENUNITS, STATION, PARTICIPANT"
Enel X Australia Pty Ltd,DR ENELX V24,VIC1,LOAD,,DRXVQX01,,,,,none given by AEMO,2022-05-09,2025-06-26,"From AEMO MMSDM registration history (2026-08): DUDETAILSUMMARY, DUALLOC, GENUNITS, STATION, PARTICIPANT"
Enel X Australia Pty Ltd,DR ENELX V240,VIC1,LOAD,,DRXVQX02,,,,,none given by AEMO,2024-02-13,2026-07-08,"From AEMO MMSDM registration history (2026-08): DUDETAILSUMMARY, DUALLOC, GENUNITS, STATION, PARTICIPANT"
Enel X Australia Pty Ltd,DR ENELX S2,SA1,LOAD,,DRXSQS01,,,,,none given by AEMO,2023-02-23,2026-01-27,"From AEMO MMSDM registration history (2026-08): DUDETAILSUMMARY, DUALLOC, GENUNITS, STATION, PARTICIPANT"
Enel X Australia Pty Ltd,DR ENELX V12,VIC1,LOAD,,DRXVDX01,,,,,none given by AEMO,2023-02-16,2026-07-08,"From AEMO MMSDM registration history (2026-08): DUDETAILSUMMARY, DUALLOC, GENUNITS, STATION, PARTICIPANT"
Enel X Australia Pty Ltd,DR ENELX N36,NSW1,LOAD,,DRXNQX01,,,,,none given by AEMO,2023-05-24,2026-06-18,"From AEMO MMSDM registration history (2026-08): DUDETAILSUMMARY, DUALLOC, GENUNITS, STATION, PARTICIPANT"
Enel X Australia Pty Ltd,DR ENELX N54,NSW1,LOAD,,DRXNDJ01,,,,,none given by AEMO,2025-06-26,2026-06-17,"From AEMO MMSDM registration history (2026-08): DUDETAILSUMMARY, DUALLOC, GENUNITS, STATION, PARTICIPANT"
Enel X Australia Pty Ltd,DR ENELX N44,NSW1,LOAD,,DRXNDB04,,,,,none given by AEMO,2025-12-18,2026-06-18,"From AEMO MMSDM registration history (2026-08): DUDETAILSUMMARY, DUALLOC, GENUNITS, STATION, PARTICIPANT"
Enel X Australia Pty Ltd,DR ENELX N40,NSW1,LOAD,,DRXNFS01,,,,,none given by AEMO,2026-06-17,2026-06-17,"From AEMO MMSDM registration history (2026-08): DUDETAILSUMMARY, DUALLOC, GENUNITS, STATION, PARTICIPANT"
Enel X Australia Pty Ltd,DR ENELX Q54,QLD1,LOAD,,DRXQQE01,,,,,none given by AEMO,2022-12-06,2024-07-30,"From AEMO MMSDM registration history (2026-08): DUDETAILSUMMARY, DUALLOC, GENUNITS, STATION, PARTICIPANT"
Enel X Australia Pty Ltd,DR ENELX N42,NSW1,LOAD,,DRXNDW01,,,,,none given by AEMO,2026-05-07,2026-06-17,"From AEMO MMSDM registration history (2026-08): DUDETAILSUMMARY, DUALLOC, GENUNITS, STATION, PARTICIPANT"
